静态池期末,报告期末,期初笔数,期初金额(万元),早偿金额(万元),正常还款金额(万元),拖欠1-30天金额(万元),拖欠31-60天金额(万元),拖欠61-90天金额(万元),拖欠91-120天金额(万元),拖欠120天以上金额(万元),还款本金(万元),利息金额(万元),费用金额(万元)
20210331,20210331,0,0.00,218.86,7.67,0.00,0.00,0.00,0.00,0.00,226.52,1.68,0.38
20210331,20210430,"25,816","570,295.83",972.43,"13,504.03","8,707.67",0.00,0.00,0.00,0.00,"14,772.90","2,601.06",0.99
20210331,20210531,"25,764","555,522.93",660.84,"12,541.44","6,841.63",0.00,0.00,0.00,0.00,"14,704.87","2,570.39",0.73
20210331,20210630,"25,733","540,818.05",872.46,"13,756.32","7,588.63",22.94,0.00,0.00,0.00,"14,912.95","2,497.85",0.78
20210331,20210731,"25,691","525,905.10","1,454.82","13,503.91","21,474.42",0.00,22.94,0.00,0.00,"15,192.40","2,373.24",0.52
20210331,20210831,"25,628","510,712.70","1,240.83","14,320.96","5,154.65",23.26,0.00,22.94,0.00,"15,795.49","2,440.60",2.38
20210331,20210930,"25,562","494,917.21","1,257.28","13,840.05","5,244.49",31.00,23.26,0.00,22.94,"15,421.28","2,301.25",0.56
20210331,20211031,"25,494","479,495.93","1,484.21","10,576.02","44,137.84",80.43,31.00,0.00,22.94,"14,482.01","2,043.69",4.14
20210331,20211130,"25,416","465,013.92","1,535.72","14,985.99","7,899.87",103.32,80.43,31.00,0.00,"16,812.56","2,324.67",3.34
20210331,20211231,"25,329","448,201.36","1,774.14","14,046.59","4,212.11",74.57,59.33,80.43,31.00,"16,082.99","2,107.59",1.20
20210331,20220131,"25,232","432,118.36","1,165.07","13,415.09","18,459.76",115.97,50.49,59.33,111.44,"14,928.85","1,949.40",7.53
20210331,20220228,"25,160","417,189.52","1,293.17","11,904.72","13,069.34",62.45,81.67,27.84,139.76,"15,675.34","1,967.83",4.66
20210331,20220331,"25,076","401,514.18","2,091.69","14,758.13","4,198.52",48.03,62.45,59.02,114.72,"17,226.92","1,919.04",6.19
20210331,20220430,"24,929","384,287.26","1,427.25","12,746.88","35,609.94",77.29,21.69,62.45,97.66,"14,567.88","1,657.41",6.03
20210331,20220531,"24,833","369,719.38","1,307.62","15,038.05","4,239.89",48.94,54.94,43.90,136.99,"16,655.69","1,874.17",75.64
20210331,20220630,"24,753","353,063.69","1,463.79","13,886.73","6,478.28",75.02,31.65,19.34,84.14,"15,693.80","1,653.47",69.79
20210331,20220731,"24,639","337,369.89","1,441.38","12,909.78","31,160.64",124.05,31.37,31.65,21.69,"14,662.05","1,474.17",55.56
20210331,20220831,"24,525","322,707.84","1,466.65","15,097.72","3,944.68",206.18,111.39,25.36,15.28,"16,844.57","1,646.39",64.84
20210331,20220930,"24,416","305,863.27","1,153.37","13,908.79","4,386.64",122.27,127.77,105.66,40.65,"15,372.12","1,451.62",91.64
20210331,20221031,"24,312","290,491.15",974.44,"13,759.16","5,922.33",136.96,62.92,110.79,118.06,"15,126.67","1,370.38",64.76
20210331,20221130,"24,220","275,364.48","1,148.74","13,890.15","6,266.85",131.46,135.43,21.52,167.64,"15,332.64","1,309.64",63.06
20210331,20221231,"24,113","260,031.84",931.21,"13,525.89","12,624.56",223.63,42.38,89.79,92.04,"14,886.77","1,213.25",70.89
20210331,20230131,"24,022","245,145.07",582.47,"14,182.12","3,463.18",178.89,140.78,42.38,111.31,"15,346.56","1,218.12",72.70
20210331,20230228,"23,957","229,798.51","1,382.95","13,730.90","8,497.14",95.77,84.34,104.55,105.23,"15,365.19","1,084.24",59.13
20210331,20230331,"23,812","214,433.32","8,136.32","35,343.40","3,086.85",216.14,83.40,57.60,141.75,"44,474.04","1,072.49",53.55
20210331,20230430,"17,361","169,959.28","4,850.01","8,837.32","23,532.45",229.15,91.78,42.04,137.37,"14,201.83",739.23,52.32
20210331,20230531,"16,752","155,757.45","2,711.99","10,894.74","2,619.63",68.92,186.49,70.69,98.96,"14,118.85",877.49,61.29
20210331,20230630,"16,443","141,638.59","2,428.67","9,552.75","3,597.02",140.88,59.06,117.32,96.94,"12,312.51",705.35,36.05
20210331,20230731,"16,157","129,326.09","2,133.72","9,552.82","3,048.17",41.33,78.79,28.11,181.01,"11,925.94",652.81,29.13
20210331,20230831,"15,889","117,400.14","2,133.82","9,459.95","2,168.96",77.05,51.35,64.35,90.27,"11,924.24",595.07,66.71
20210331,20230930,"15,588","105,475.90","1,853.74","8,093.01","14,871.99",48.26,41.06,29.21,89.21,"10,239.65",470.67,17.21
20210331,20231031,"15,335","95,236.26","1,655.29","10,110.42","1,961.44",138.43,46.16,9.13,58.87,"12,197.10",542.42,1.86
20210331,20231130,"15,073","83,039.16","1,338.80","8,956.45","2,106.30",98.06,72.72,8.85,9.82,"10,603.02",423.69,1.47
20210331,20231231,"14,803","72,436.14","1,162.80","8,204.02","7,070.59",33.01,70.77,54.74,9.25,"9,605.64",346.04,0.96
20210331,20240131,"14,543","62,830.50","1,514.51","9,427.10","1,222.56",83.43,12.40,50.82,39.23,"11,228.35",353.02,1.02
20210331,20240229,"14,177","51,602.15",896.97,"8,416.42","1,874.88",50.92,72.93,12.40,84.71,"9,642.21",268.09,0.97
20210331,20240331,"13,824","41,959.94","1,346.68","12,727.84","4,348.65",50.57,12.91,73.85,75.24,"14,468.75",210.23,1.91
20210331,20240430,"4,170","27,491.19",765.46,"2,575.68",924.21,62.08,28.71,15.79,84.65,"3,634.72",164.95,2.37
20210331,20240531,"3,055","23,856.47",504.55,"1,470.28",753.57,32.71,37.31,11.57,73.52,"2,106.10",135.37,1.19
20210331,20240630,"2,971","21,750.37",395.36,"1,258.75","3,479.57",46.61,44.50,32.66,13.86,"1,781.91",107.33,0.57
20210331,20240731,"2,908","19,968.46",329.18,"1,648.01",601.98,66.81,59.66,11.78,42.78,"2,045.08",127.19,0.44
20210331,20240831,"2,856","17,923.37",292.19,"1,360.50","1,217.10",78.15,53.58,56.14,35.38,"1,734.89",97.89,0.68
20210331,20240930,"2,799","16,188.48",321.60,"1,447.85",702.23,42.16,40.36,53.58,67.92,"1,860.88",94.85,4.06
20210331,20241031,"2,743","14,327.60",265.32,"1,373.51",361.43,48.50,38.40,36.04,106.44,"1,738.64",82.59,0.34
20210331,20241130,"2,693","12,588.96",216.64,"1,244.25","1,332.77",13.37,36.96,40.50,50.94,"1,584.47",67.64,0.76
20210331,20241231,"2,625","11,004.49",227.06,"1,467.20",365.31,48.80,6.72,28.16,6.21,"1,814.31",69.48,0.63
20210331,20250131,"2,561","9,190.18",145.03,"1,110.86","1,572.20",51.75,3.47,6.72,28.16,"1,314.26",46.89,0.40
20210331,20250228,"2,510","7,875.92",170.31,"1,431.50",445.22,66.50,5.67,3.47,34.88,"1,680.76",50.90,0.27
20210331,20250331,"2,419","6,195.16",219.70,"1,459.98",265.33,26.63,3.15,1.90,9.68,"1,796.57",38.45,1.36
20210331,20250430,568,"4,398.59",69.83,352.53,156.20,18.81,5.82,1.70,5.37,457.69,28.21,0.24
20210331,20250531,517,"3,940.90",59.98,302.71,294.29,19.03,3.54,2.71,3.16,395.97,23.51,0.26
20210331,20250630,504,"3,544.93",45.80,324.18,219.32,19.62,19.03,3.74,3.66,389.09,21.78,0.14
20210331,20250731,494,"3,155.84",78.61,323.55,119.39,18.12,12.98,12.13,2.24,422.70,20.15,0.34
20210331,20250831,478,"2,733.14",71.48,288.25,273.93,17.96,17.27,12.98,12.40,375.23,17.06,1.14
20210331,20250930,464,"2,357.91",27.90,339.09,75.50,14.59,17.37,17.27,12.12,384.50,17.79,0.58
20210331,20251031,443,"1,973.41",15.98,288.44,59.82,26.57,9.27,2.35,9.23,342.61,15.79,3.67
20210331,20251130,436,"1,630.80",31.40,258.82,195.33,26.80,16.94,2.71,11.58,308.08,8.81,0.12
20210331,20251231,425,"1,322.72",54.15,317.02,37.50,2.92,14.90,6.50,5.05,395.02,9.14,0.19
20210630,20210630,0,0.00,191.37,10.47,0.00,0.00,0.00,0.00,0.00,226.73,2.50,0.13
20210630,20210731,"27,396","596,185.55",921.40,"14,106.20","7,337.88",0.00,0.00,0.00,0.00,"15,251.53","2,776.29",0.79
20210630,20210831,"27,356","580,934.02",971.32,"14,419.63","3,061.52",86.26,0.00,0.00,0.00,"15,615.69","2,755.91",0.97
20210630,20210930,"27,313","565,318.32","1,343.37","14,284.82","4,192.35",35.90,56.78,0.00,0.00,"15,909.22","2,665.39",0.89
20210630,20211031,"27,244","549,409.11","1,258.48","11,798.49","33,013.49",89.64,35.90,44.24,0.00,"15,095.71","2,453.57",0.97
20210630,20211130,"27,184","534,313.40","1,191.15","15,069.49","6,855.96",76.93,77.85,35.90,44.24,"16,511.73","2,645.28",1.01
20210630,20211231,"27,118","517,801.66","1,432.85","14,545.11","2,526.09",27.03,49.09,77.85,80.14,"16,229.22","2,474.13",2.12
20210630,20220131,"27,042","501,572.45",770.11,"14,309.51","6,091.67",103.18,0.00,49.09,113.75,"15,424.83","2,358.74",6.12
20210630,20220228,"26,990","486,147.61","1,420.56","12,682.38","15,467.95",134.71,84.27,0.00,162.84,"15,833.34","2,255.63",4.75
20210630,20220331,"26,914","470,314.27","1,272.89","14,862.60","2,728.23",249.27,154.15,84.27,92.51,"16,469.25","2,290.18",7.71
20210630,20220430,"26,836","453,845.03","1,652.87","13,634.20","28,250.52",57.43,109.57,79.01,127.68,"15,665.85","2,038.72",6.90
20210630,20220531,"26,752","438,179.18","1,452.34","15,279.37","3,273.82",309.53,57.43,91.80,186.41,"17,052.35","2,198.63",58.11
20210630,20220630,"26,653","421,126.83","1,819.74","14,990.40","5,524.35",123.52,100.85,42.42,182.63,"17,197.46","2,001.17",59.88
20210630,20220731,"26,505","403,929.37","1,542.63","13,758.83","25,400.22",149.81,76.68,100.85,119.48,"15,678.78","1,830.69",38.34
20210630,20220831,"26,405","388,250.59","1,473.51","15,336.63","3,225.51",263.82,82.25,47.78,79.73,"17,145.10","1,960.76",73.46
20210630,20220930,"26,288","371,105.49","1,508.16","14,451.93","4,376.59",228.87,201.66,48.13,71.64,"16,315.37","1,775.52",55.38
20210630,20221031,"26,184","354,790.12","1,422.15","14,338.59","6,347.11",211.76,241.88,107.38,82.45,"16,144.50","1,691.30",61.45
20210630,20221130,"26,078","338,645.62","1,263.47","14,525.96","5,718.93",285.08,187.66,241.88,132.83,"16,096.07","1,630.33",78.35
20210630,20221231,"25,983","322,549.55","1,091.53","14,469.79","5,695.20",172.76,109.40,187.38,349.26,"15,923.47","1,557.93",83.84
20210630,20230131,"25,894","306,626.08","1,052.76","14,416.82","2,738.74",278.96,98.10,96.37,364.51,"16,054.43","1,496.25",73.53
20210630,20230228,"25,815","290,571.65","1,474.58","14,206.52","10,384.74",108.95,107.17,56.66,275.82,"16,107.87","1,372.66",61.75
20210630,20230331,"25,677","274,463.77","1,711.10","14,902.60","2,706.60",147.20,35.43,44.50,166.95,"17,053.28","1,378.94",65.63
20210630,20230430,"25,519","257,410.50","1,208.09","12,695.25","34,233.11",226.24,51.08,22.27,74.21,"14,215.41","1,106.79",72.00
20210630,20230531,"25,414","243,195.09","1,082.82","16,191.60","2,277.46",106.28,131.91,17.80,48.83,"17,754.39","1,342.14",57.66
20210630,20230630,"25,290","225,440.70","8,789.70","30,165.16","4,097.08",128.44,96.41,88.60,33.90,"39,692.81","1,114.47",47.30
20210630,20230731,"19,092","185,747.88","6,132.08","10,512.18","4,124.92",182.35,181.42,70.94,71.71,"17,030.34",923.96,51.11
20210630,20230831,"18,356","168,717.55","3,499.92","10,380.71","1,906.80",116.44,120.78,123.62,124.37,"14,144.91",863.23,71.33
20210630,20230930,"17,943","154,572.64","2,753.31","8,817.43","21,111.88",54.52,78.24,96.54,176.31,"11,845.57",686.40,70.90
20210630,20231031,"17,635","142,727.07","2,574.41","11,021.43","2,491.38",67.96,72.82,43.64,202.38,"14,081.36",811.11,56.80
20210630,20231130,"17,299","128,645.71","2,006.81","9,746.07","3,170.40",79.31,50.42,45.92,205.14,"12,043.90",655.89,50.40
20210630,20231231,"17,004","116,601.81","1,866.49","9,190.68","8,447.71",141.56,42.79,45.01,88.43,"11,466.84",568.85,10.17
20210630,20240131,"16,703","105,134.97","1,833.17","10,069.01","1,729.67",67.65,97.93,62.59,76.67,"12,214.22",576.94,0.99
20210630,20240229,"16,404","92,920.75","1,412.39","9,253.18","3,159.10",122.56,61.08,87.22,112.95,"10,967.71",476.50,0.95
20210630,20240331,"16,137","81,953.04","1,499.13","8,852.52","6,258.68",49.65,63.22,31.76,147.74,"10,691.67",410.84,1.24
20210630,20240430,"15,792","71,261.37","1,452.29","9,589.92","1,820.80",18.52,49.65,63.14,136.05,"11,338.62",397.81,0.97
20210630,20240531,"15,400","59,922.76","1,295.70","8,901.91","1,251.23",28.48,19.68,37.06,107.73,"10,602.79",325.07,1.48
20210630,20240630,"14,963","49,319.97",870.42,"11,106.42","7,591.25",60.52,13.51,17.04,76.64,"12,492.17",235.84,6.40
20210630,20240731,"5,249","36,827.80",599.05,"3,418.36","1,048.23",105.16,45.27,4.06,21.34,"4,315.69",236.68,1.64
20210630,20240831,"3,693","32,512.11",522.66,"1,662.53","1,372.96",22.23,53.90,61.04,18.02,"2,292.03",186.37,0.98
20210630,20240930,"3,621","30,220.08",439.45,"1,663.39","1,195.64",34.21,21.66,53.23,60.64,"2,216.62",174.73,1.12
20210630,20241031,"3,554","28,003.46",476.05,"1,637.54",784.56,143.37,11.55,21.66,113.87,"2,202.03",161.58,0.58
20210630,20241130,"3,486","25,801.42",472.47,"1,505.45","2,305.51",95.28,123.83,11.55,90.65,"2,099.85",138.50,1.00
20210630,20241231,"3,414","23,701.57",364.91,"1,703.61",775.01,24.39,94.99,123.52,47.05,"2,190.32",143.76,0.43
20210630,20250131,"3,345","21,511.25",226.58,"1,337.06","4,094.55",83.64,26.10,85.43,117.63,"1,646.98",103.73,0.35
20210630,20250228,"3,301","19,864.27",296.41,"1,779.34","1,197.58",63.59,88.82,28.92,136.50,"2,199.14",129.92,1.48
20210630,20250331,"3,232","17,665.13",342.21,"1,546.93",813.85,46.60,21.65,51.04,84.78,"2,050.88",104.86,0.55
20210630,20250430,"3,159","15,614.25",334.48,"1,527.30",525.88,54.17,23.77,11.75,65.53,"1,987.23",93.31,5.92
20210630,20250531,"3,079","13,627.01",314.02,"1,449.63",636.44,33.15,57.89,19.02,50.92,"1,851.34",79.11,2.84
20210630,20250630,"2,993","11,775.67",300.42,"1,550.61",806.31,31.25,20.42,35.25,25.12,"1,958.69",68.48,0.38
20210630,20250731,"1,598","9,816.98",179.00,770.88,275.15,36.78,28.99,20.42,49.30,"1,008.38",61.77,0.91
20210630,20250831,"1,520","8,808.60",68.68,663.41,841.46,56.05,30.39,12.25,49.67,784.94,49.33,4.63
20210630,20250930,"1,499","8,023.66",171.63,750.60,338.31,13.69,40.66,28.02,15.31,"1,006.23",50.08,0.50
20210630,20251031,"1,457","7,017.42",114.05,689.74,265.44,31.04,15.84,31.31,30.22,868.62,42.08,0.40
20210630,20251130,"1,432","6,148.80",159.04,594.34,959.32,46.09,25.70,15.84,42.59,791.81,32.26,1.17
20210630,20251231,"1,394","5,356.99",74.07,765.33,212.11,14.12,34.28,3.29,33.12,904.47,36.42,0.25
20210930,20210930,0,0.00,152.24,37.30,0.00,0.00,0.00,0.00,0.00,220.26,9.36,0.23
20210930,20211031,"21,641","489,374.49",694.54,"9,519.43","16,130.08",0.00,0.00,0.00,0.00,"11,927.29","2,318.89",0.69
20210930,20211130,"21,609","477,447.20",779.91,"11,719.58","3,754.75",94.91,0.00,0.00,0.00,"12,714.70","2,412.49",0.90
20210930,20211231,"21,571","464,732.51",941.99,"11,600.11","1,072.80",86.86,77.27,17.64,0.00,"12,703.37","2,307.66",0.82
20210930,20220131,"21,528","452,029.14",762.62,"11,455.44","3,538.40",59.65,86.86,77.27,17.64,"12,445.05","2,219.64",1.07
20210930,20220228,"21,494","439,584.09",807.51,"9,798.84","12,358.08",177.13,59.65,86.86,94.91,"12,305.73","2,118.56",1.21
20210930,20220331,"21,455","427,278.36","1,096.11","11,873.63","1,431.09",59.22,108.56,33.84,181.77,"13,163.44","2,168.39",2.63
20210930,20220430,"21,397","414,114.92",727.41,"11,235.41","13,356.19",15.98,0.00,108.56,120.70,"12,335.77","1,989.96",2.52
20210930,20220531,"21,352","401,779.15",911.85,"11,902.92","2,409.68",184.70,0.00,0.00,142.40,"13,125.94","2,043.20",33.54
20210930,20220630,"21,293","388,653.21","1,088.82","11,664.68","3,268.65",84.94,111.46,0.00,108.56,"12,986.92","1,926.53",32.39
20210930,20220731,"21,230","375,666.29",946.19,"11,408.04","12,468.18",190.17,56.26,140.14,25.84,"12,625.67","1,816.61",35.59
20210930,20220831,"21,172","363,040.62","1,389.27","12,027.40","2,242.35",20.46,105.01,30.21,115.69,"13,612.33","1,858.83",49.83
20210930,20220930,"21,095","349,428.30","1,448.97","12,079.61","3,314.57",30.80,20.46,53.52,117.41,"13,792.29","1,740.67",44.81
20210930,20221031,"20,980","335,636.00","1,036.06","11,531.07","4,240.27",241.86,96.31,20.46,90.58,"12,924.50","1,665.60",33.16
20210930,20221130,"20,911","322,711.51","1,139.92","11,699.14","3,968.55",165.11,84.37,49.04,68.68,"13,102.45","1,615.13",40.56
20210930,20221231,"20,844","309,609.05",888.29,"11,685.17","3,866.06",193.35,43.56,84.37,57.34,"12,891.82","1,553.31",51.75
20210930,20230131,"20,776","296,717.23",865.42,"11,607.57","2,554.70",198.73,151.44,43.56,133.04,"12,857.82","1,491.54",64.19
20210930,20230228,"20,723","283,859.42","1,434.21","11,538.37","8,252.54",204.02,93.16,128.55,128.04,"13,187.45","1,397.24",45.04
20210930,20230331,"20,620","270,671.97","1,503.79","12,003.29","1,830.13",69.30,146.46,83.65,153.68,"13,787.34","1,399.89",65.34
20210930,20230430,"20,506","256,884.62","1,004.69","10,897.52","20,609.55",119.67,70.52,84.25,147.38,"12,174.42","1,202.02",57.32
20210930,20230531,"20,433","244,710.20","1,335.57","12,458.57","1,946.08",127.84,97.82,70.22,145.11,"14,180.69","1,331.36",48.25
20210930,20230630,"20,316","230,529.51","1,229.43","11,631.98","2,676.28",154.39,112.04,99.46,123.15,"13,212.13","1,166.45",33.85
20210930,20230731,"20,202","217,317.38",965.21,"11,657.49","3,192.46",150.06,108.58,67.83,158.53,"12,915.71","1,103.36",42.32
20210930,20230831,"20,107","204,401.67",880.41,"11,794.11","1,950.87",116.82,98.98,43.22,167.08,"12,962.55","1,054.84",71.27
20210930,20230930,"20,007","191,439.12","7,640.09","20,833.06","16,025.48",74.09,0.00,98.98,173.82,"28,990.67",920.34,60.86
20210930,20231031,"15,765","162,448.44","5,814.68","9,858.40","2,329.95",133.49,19.88,0.00,126.87,"16,398.99",909.30,45.87
20210930,20231130,"14,919","146,049.45","2,864.88","8,492.77","2,715.38",60.43,70.79,19.88,98.98,"11,622.80",764.89,65.33
20210930,20231231,"14,601","134,426.65","2,175.72","8,173.85","6,065.68",122.90,9.82,48.06,32.05,"10,677.04",690.75,56.03
20210930,20240131,"14,348","123,749.62","2,101.72","8,487.87","1,751.58",154.68,74.45,0.00,80.11,"10,833.16",676.70,42.17
20210930,20240229,"14,099","112,916.45","1,503.41","8,002.56","2,935.84",108.35,139.06,64.72,68.03,"9,844.93",593.47,31.86
20210930,20240331,"13,886","103,071.52","2,044.21","7,911.25","4,793.66",158.97,51.54,109.98,42.80,"10,268.74",539.21,8.50
20210930,20240430,"13,592","92,802.77","1,573.58","8,191.18","1,791.60",53.14,102.40,34.96,122.70,"9,987.16",516.17,1.10
20210930,20240531,"13,344","82,815.61","1,503.50","7,798.03","1,210.94",79.89,14.40,70.15,127.21,"9,621.15",451.14,1.06
20210930,20240630,"13,084","73,194.47","1,146.59","7,087.68","7,025.83",103.69,65.41,14.40,137.79,"8,526.85",364.60,0.90
20210930,20240731,"12,851","64,667.61","1,168.69","8,171.32","1,164.20",64.40,61.96,55.88,88.40,"9,634.44",385.76,1.04
20210930,20240831,"12,571","55,033.18","1,073.74","7,389.99","1,300.47",119.96,27.85,36.85,69.57,"8,755.12",306.70,1.17
20210930,20240930,"12,201","46,278.05",845.60,"10,148.66","1,457.46",58.12,90.58,27.85,72.51,"11,364.06",263.60,1.56
20210930,20241031,"3,337","34,913.99",594.42,"1,553.61",902.94,97.86,52.12,57.36,37.39,"2,418.92",207.51,3.97
20210930,20241130,"3,170","32,495.08",385.59,"1,427.22","2,130.19",84.63,83.05,29.77,69.51,"1,918.75",184.19,0.55
20210930,20241231,"3,113","30,576.32",611.53,"1,527.30",914.75,25.11,34.18,51.37,81.57,"2,231.22",188.38,0.62
20210930,20250131,"3,040","28,345.11",300.96,"1,286.25","4,250.36",121.34,15.28,13.03,86.77,"1,686.56",147.01,0.54
20210930,20250228,"2,999","26,658.55",410.60,"1,557.65","1,558.90",89.21,70.03,9.47,87.51,"2,076.07",172.08,0.54
20210930,20250331,"2,944","24,582.47",462.90,"1,430.53",938.93,155.89,36.29,75.53,23.20,"2,030.85",147.68,0.49
20210930,20250430,"2,868","22,551.63",348.32,"1,394.79",802.07,84.54,88.93,40.20,67.94,"1,830.23",133.99,2.33
20210930,20250531,"2,818","20,721.39",244.38,"1,364.79",719.64,140.81,50.61,81.58,93.64,"1,696.08",122.90,0.65
20210930,20250630,"2,772","19,025.31",261.65,"1,341.89",911.63,80.80,96.20,35.41,143.29,"1,701.80",110.54,0.98
20210930,20250731,"2,726","17,323.51",207.78,"1,396.10",383.14,57.73,59.42,69.63,108.62,"1,742.67",106.39,1.59
20210930,20250831,"2,673","15,580.84",207.16,"1,282.02","1,035.96",48.64,42.07,31.18,87.07,"1,624.67",89.25,0.64
20210930,20250930,"2,617","13,956.18",239.07,"1,411.01",519.21,40.96,42.05,13.53,86.30,"1,742.27",87.43,0.41
20210930,20251031,"1,795","12,213.90",211.00,886.56,437.78,26.16,21.61,25.76,44.90,"1,219.31",76.53,1.97
20210930,20251130,"1,742","10,994.59",166.62,811.31,"1,245.90",82.17,0.00,17.10,33.96,"1,056.39",61.03,0.51
20210930,20251231,"1,709","9,938.20",212.00,952.44,318.72,62.17,31.96,0.00,29.89,"1,226.81",65.77,2.43
20211231,20211231,0,0.00,182.48,32.35,0.00,0.00,0.00,0.00,0.00,214.83,7.39,0.20
20211231,20220131,"18,034","407,798.13",608.42,"9,470.37","9,207.06",0.00,0.00,0.00,0.00,"10,320.51","2,068.42",0.95
20211231,20220228,"18,006","397,477.62",774.45,"8,384.62","8,374.83",256.48,0.00,0.00,0.00,"10,691.87","2,059.30",1.04
20211231,20220331,"17,970","386,785.75",637.83,"9,950.90","1,473.44",323.81,256.48,0.00,0.00,"10,756.41","2,042.38",0.66
20211231,20220430,"17,941","376,029.34",631.89,"9,393.59","16,926.89",76.47,308.34,223.92,0.00,"10,242.10","1,874.10",0.67
20211231,20220531,"17,911","365,787.24",557.54,"10,196.60","2,224.88",206.59,76.47,283.78,223.92,"10,947.13","1,977.90",0.80
20211231,20220630,"17,878","354,840.11",781.53,"9,890.99","2,768.31",79.20,173.71,76.47,507.71,"10,830.54","1,847.79",8.06
20211231,20220731,"17,842","344,009.57",730.16,"9,553.49","15,811.62",28.34,18.12,173.11,377.45,"10,632.65","1,722.29",18.60
20211231,20220831,"17,793","333,376.92",940.97,"10,365.35","1,762.44",46.17,0.00,37.56,220.08,"11,759.26","1,818.31",39.05
20211231,20220930,"17,725","321,617.66",911.09,"9,991.72","2,291.14",110.95,45.88,28.29,152.57,"11,128.54","1,685.92",18.96
20211231,20221031,"17,675","310,489.12","1,151.29","9,867.65","2,910.20",129.22,55.62,51.50,37.25,"11,403.23","1,624.44",27.86
20211231,20221130,"17,605","299,085.89","1,234.20","9,978.01","3,499.56",57.58,120.84,21.03,79.80,"11,381.82","1,571.43",37.33
20211231,20221231,"17,545","287,704.07","1,056.51","10,140.93","7,112.00",166.68,29.71,91.67,72.45,"11,434.53","1,498.19",24.32
20211231,20230131,"17,447","276,269.54",773.39,"9,993.37","2,536.56",202.52,76.63,14.27,138.50,"11,101.58","1,482.43",40.69
20211231,20230228,"17,394","265,167.96","1,583.17","9,905.61","6,218.03",42.60,88.24,76.63,101.26,"11,682.65","1,384.05",30.79
20211231,20230331,"17,305","253,485.31","1,318.39","10,141.16","1,914.56",127.44,30.26,88.24,111.61,"11,710.74","1,369.81",37.80
20211231,20230430,"17,214","241,774.57",907.54,"9,273.90","19,209.43",91.12,47.43,30.26,164.87,"10,390.11","1,193.37",52.93
20211231,20230531,"17,149","231,384.47","1,281.44","10,582.17","1,994.06",65.15,38.64,47.43,118.49,"12,240.74","1,324.74",42.76
20211231,20230630,"17,056","219,143.73",935.24,"9,935.44","2,710.65",128.80,27.11,13.18,77.68,"11,172.40","1,171.02",48.05
20211231,20230731,"16,970","207,971.33","1,115.45","9,928.17","2,926.25",246.92,64.46,27.11,60.61,"11,269.86","1,114.25",40.99
20211231,20230831,"16,875","196,701.47","1,033.85","10,054.52","1,700.50",118.29,155.81,53.38,13.18,"11,303.49","1,071.08",83.82
20211231,20230930,"16,778","185,397.98",680.08,"9,224.96","15,115.47",84.10,118.29,102.88,41.60,"10,113.95",933.44,52.75
20211231,20231031,"16,704","175,284.02",653.31,"10,439.53","1,885.76",135.06,84.01,113.08,130.94,"11,494.93","1,022.07",38.77
20211231,20231130,"16,633","163,789.10",648.93,"9,933.45","2,429.04",170.30,68.13,67.30,200.41,"10,819.98",896.30,64.63
20211231,20231231,"16,538","152,969.11","6,830.03","11,300.54","7,930.06",175.07,43.23,55.69,174.67,"18,501.57",818.63,49.62
20211231,20240131,"12,896","134,467.55","4,945.77","7,580.42","1,792.57",170.66,74.92,20.10,138.74,"12,853.89",778.14,53.86
20211231,20240229,"12,240","121,613.66","1,757.28","6,868.86","2,672.49",56.37,110.81,74.84,101.66,"8,947.41",676.42,35.81
20211231,20240331,"12,028","112,666.25","2,408.27","6,595.96","6,063.05",127.21,56.37,110.81,108.27,"9,265.18",609.75,28.10
20211231,20240430,"11,758","103,401.07","1,607.33","7,047.96","1,579.11",69.03,105.20,56.31,180.87,"8,874.34",607.62,33.12
20211231,20240531,"11,571","94,526.73","1,648.89","6,619.00","1,421.42",32.51,59.35,72.36,191.93,"8,569.01",536.88,28.03
20211231,20240630,"11,357","85,957.72","1,308.79","6,025.45","7,822.06",80.78,32.00,48.90,128.67,"7,698.45",452.09,11.61
20211231,20240731,"11,169","78,259.27","1,225.56","6,996.53","1,338.08",76.64,52.75,32.00,121.26,"8,477.01",481.33,0.80
20211231,20240831,"10,983","69,782.26","1,138.99","6,298.49","2,657.95",174.02,63.74,14.27,61.69,"7,695.10",393.71,0.85
20211231,20240930,"10,785","62,087.15","1,144.34","6,387.11","1,485.58",93.59,111.05,55.17,57.50,"7,802.19",365.71,1.02
20211231,20241031,"10,557","54,284.97",967.40,"6,140.70","1,080.59",224.18,89.50,106.16,85.36,"7,408.73",316.68,0.94
20211231,20241130,"10,317","46,876.23",885.03,"5,752.31","2,927.25",96.20,188.81,74.41,177.25,"6,866.90",264.70,1.79
20211231,20241231,"10,013","40,009.33",888.50,"8,088.04","1,124.63",102.38,67.92,125.17,247.53,"9,361.40",250.12,1.63
20211231,20250131,"2,873","30,647.93",461.56,"1,200.81","3,787.80",167.04,61.32,48.01,156.93,"1,904.49",171.61,2.65
20211231,20250228,"2,740","28,743.44",533.97,"1,340.03","1,492.61",176.93,98.25,47.74,130.69,"2,006.85",190.92,1.27
20211231,20250331,"2,673","26,736.58",452.17,"1,244.00","1,027.83",126.01,87.89,93.77,84.08,"1,892.57",169.21,0.94
20211231,20250430,"2,613","24,844.01",236.29,"1,244.36",739.82,287.39,51.49,94.32,95.58,"1,582.85",156.11,4.64
20211231,20250531,"2,578","23,261.16",336.55,"1,186.86","1,017.90",24.15,291.48,39.74,154.30,"1,621.36",140.87,0.96
20211231,20250630,"2,533","21,639.80",369.49,"1,197.86",893.40,18.46,5.93,214.89,152.57,"1,681.08",134.69,0.82
20211231,20250731,"2,488","19,958.71",288.96,"1,200.91",488.88,68.79,6.29,19.57,244.83,"1,649.58",125.68,0.77
20211231,20250831,"2,440","18,309.13",192.62,"1,117.01","1,261.19",30.67,58.64,0.00,240.93,"1,400.75",108.39,0.40
20211231,20250930,"2,407","16,908.38",311.66,"1,193.91",731.73,30.61,9.35,31.48,40.83,"1,772.65",108.05,0.44
20211231,20251031,"2,350","15,135.73",286.88,"1,120.34",426.04,153.57,16.02,18.10,47.40,"1,523.46",96.30,0.55
20211231,20251130,"2,295","13,612.27",209.10,"1,016.00","1,483.20",31.89,93.20,15.35,60.37,"1,306.91",79.07,0.53
20211231,20251231,"2,251","12,305.36",286.86,"1,233.89",443.59,92.24,42.81,54.18,33.04,"1,626.13",81.59,0.59
20220331,20220331,0,0.00,293.09,11.00,0.00,0.00,0.00,0.00,0.00,323.92,3.29,0.12
20220331,20220430,"15,339","306,482.64",390.88,"6,698.70","31,209.48",0.00,0.00,0.00,0.00,"7,252.98","1,419.70",0.68
20220331,20220531,"15,318","299,229.67",348.56,"8,109.41","2,819.11",114.91,0.00,0.00,0.00,"8,625.35","1,689.98",0.76
20220331,20220630,"15,300","290,604.31",566.18,"7,513.48","4,302.48",85.46,114.91,0.00,0.00,"8,176.09","1,493.55",0.50
20220331,20220731,"15,274","282,428.23",725.24,"6,942.47","27,927.27",124.82,85.46,114.91,0.00,"7,741.03","1,332.64",0.38
20220331,20220831,"15,241","274,687.20",593.85,"8,274.89","2,647.48",23.97,124.82,69.33,131.04,"8,938.29","1,551.96",0.37
20220331,20220930,"15,208","265,748.91",722.12,"7,603.81","3,065.80",69.07,23.97,124.19,200.37,"8,427.19","1,378.07",11.20
20220331,20221031,"15,170","257,321.72",611.33,"7,486.18","4,389.40",37.07,59.63,23.97,209.65,"8,380.86","1,322.79",9.97
20220331,20221130,"15,129","248,940.86",647.94,"7,608.98","4,574.25",92.41,37.07,59.63,148.16,"8,456.66","1,291.85",16.36
20220331,20221231,"15,089","240,484.20",743.81,"7,385.40","13,289.56",30.25,51.27,37.07,83.60,"8,355.24","1,206.63",26.64
20220331,20230131,"15,045","232,128.96",383.89,"7,873.69","2,908.76",147.88,30.25,0.00,96.70,"8,484.07","1,262.14",30.07
20220331,20230228,"15,017","223,644.89","1,276.22","7,569.85","6,743.36",54.51,24.87,13.32,37.07,"8,997.80","1,146.82",20.30
20220331,20230331,"14,936","214,647.09","1,413.83","8,051.03","2,541.59",225.85,25.93,0.00,13.32,"9,619.24","1,147.30",32.88
20220331,20230430,"14,812","205,027.85",920.13,"6,583.49","31,084.71",73.67,170.03,25.93,13.32,"7,629.68",921.85,27.62
20220331,20230531,"14,749","197,398.17",910.09,"8,579.76","2,354.01",87.06,77.48,142.19,0.00,"9,703.40","1,181.79",31.23
20220331,20230630,"14,681","187,694.77",643.97,"7,581.35","3,649.70",121.97,36.07,77.48,142.19,"8,348.04",980.80,31.68
20220331,20230731,"14,623","179,346.72",697.73,"7,639.50","3,520.16",50.34,101.05,36.07,192.03,"8,458.91",947.95,19.48
20220331,20230831,"14,574","170,887.81",690.59,"7,724.83","2,179.69",82.50,34.19,101.05,63.63,"8,662.28",910.76,69.10
20220331,20230930,"14,508","162,225.53",709.30,"6,599.51","25,044.14",91.91,53.09,21.98,124.92,"7,447.97",737.07,60.12
20220331,20231031,"14,449","154,777.57",733.11,"8,538.87","2,391.30",46.14,79.13,53.09,85.80,"9,585.70",938.29,37.69
20220331,20231130,"14,388","145,191.86",815.52,"7,585.12","3,514.14",85.27,46.14,58.61,53.09,"8,632.54",769.07,38.92
20220331,20231231,"14,310","136,559.32",591.06,"7,016.52","14,418.91",83.64,61.69,35.15,111.70,"7,753.47",672.31,28.09
20220331,20240131,"14,248","128,805.85",635.93,"8,261.01","2,060.26",84.51,44.57,61.69,93.76,"9,112.86",757.65,35.60
20220331,20240229,"14,177","119,692.99",287.42,"7,504.64","3,462.86",123.49,46.57,44.57,132.08,"8,018.22",639.91,27.13
20220331,20240331,"14,138","111,674.77","6,212.09","7,852.11","12,342.67",139.05,47.47,41.33,106.26,"14,256.72",564.05,29.76
20220331,20240430,"10,652","97,418.05","3,754.96","6,070.42","1,989.19",147.10,26.42,47.47,65.67,"10,038.79",586.05,33.09
20220331,20240531,"9,939","87,379.25","1,721.91","5,138.54","2,022.14",102.95,48.09,18.22,79.03,"7,051.76",481.88,37.90
20220331,20240630,"9,737","80,327.50","1,255.99","4,334.63","13,352.03",163.59,44.27,34.45,37.70,"5,775.41",377.91,26.45
20220331,20240731,"9,565","74,552.09","1,077.25","5,771.35","1,831.31",236.77,131.48,18.49,31.29,"7,011.43",470.53,28.75
20220331,20240831,"9,405","67,540.66","1,058.36","4,757.92","4,779.91",51.92,176.51,137.13,26.25,"5,950.58",357.85,13.74
20220331,20240930,"9,244","61,590.07","1,134.62","5,119.15","1,663.76",131.52,43.88,163.03,140.29,"6,420.30",357.84,10.49
20220331,20241031,"9,068","55,169.78",808.35,"4,797.34","1,329.99",69.65,112.54,29.33,284.52,"5,811.27",309.53,0.81
20220331,20241130,"8,914","49,358.51",979.32,"4,320.39","5,941.75",45.49,45.54,68.87,176.38,"5,556.05",250.53,0.86
20220331,20241231,"8,726","43,802.45",723.51,"5,187.59","1,330.52",37.68,26.08,17.98,96.34,"6,174.80",272.68,0.56
20220331,20250131,"8,543","37,627.65",549.88,"3,769.51","7,956.15",121.79,45.31,18.14,91.48,"4,436.29",174.74,0.47
20220331,20250228,"8,420","33,191.37",688.00,"5,258.15","1,814.79",51.40,97.61,33.52,74.64,"6,207.18",222.46,0.74
20220331,20250331,"8,169","26,984.18",664.27,"6,114.63","1,264.98",96.38,23.11,90.08,38.66,"7,080.18",161.29,0.84
20220331,20250430,"2,103","19,904.00",310.25,935.95,864.93,75.58,62.21,9.08,84.97,"1,387.98",123.40,1.35
20220331,20250531,"1,937","18,516.02",260.78,773.53,"1,701.40",86.17,29.36,56.46,93.04,"1,104.07",107.66,0.87
20220331,20250630,"1,896","17,411.95",348.31,834.37,"1,004.18",44.52,13.37,34.56,70.10,"1,313.35",110.88,0.81
20220331,20250731,"1,847","16,098.60",305.91,812.06,808.48,45.52,14.64,7.45,73.29,"1,170.32",99.94,0.36
20220331,20250831,"1,808","14,928.29",337.03,702.74,"2,118.03",44.39,31.31,7.26,22.48,"1,145.37",83.80,0.38
20220331,20250930,"1,761","13,782.92",256.32,857.43,691.34,28.84,44.76,12.31,19.17,"1,158.35",93.76,1.33
20220331,20251031,"1,724","12,624.57",205.41,745.48,578.92,59.76,44.29,7.75,24.24,"1,016.54",78.73,0.45
20220331,20251130,"1,690","11,608.02",198.52,622.07,"2,257.92",87.46,59.55,24.84,13.02,875.74,59.78,0.25
20220331,20251231,"1,657","10,732.29",188.45,858.59,497.23,67.15,51.26,29.35,22.74,"1,099.31",76.80,0.28
20220630,20220630,0,0.00,177.94,12.10,0.00,0.00,0.00,0.00,0.00,190.04,3.44,1.02
20220630,20220731,"16,852","340,556.32",668.50,"7,872.67","22,467.35",0.00,0.00,0.00,0.00,"8,643.50","1,682.73",0.63
20220630,20220831,"16,815","331,912.82",636.47,"8,944.63","1,739.04",20.77,0.00,0.00,0.00,"9,680.18","1,865.97",1.25
20220630,20220930,"16,783","322,232.63",592.09,"8,446.97","2,907.22",62.86,20.77,0.00,0.00,"9,139.70","1,702.85",0.47
20220630,20221031,"16,751","313,092.94",541.97,"8,435.56","2,874.11",43.91,74.88,20.77,0.00,"9,129.21","1,660.17",1.24
20220630,20221130,"16,717","303,963.72",715.31,"8,486.69","3,731.48",163.09,22.02,74.88,20.77,"9,315.05","1,607.16",0.45
20220630,20221231,"16,673","294,648.67",702.01,"8,513.76","4,265.63",75.00,82.54,22.02,95.65,"9,332.05","1,563.64",9.66
20220630,20230131,"16,634","285,316.62",716.74,"8,494.49","2,146.06",137.70,54.79,102.75,96.90,"9,455.19","1,527.66",21.01
20220630,20230228,"16,597","275,861.43","1,113.42","8,416.06","7,948.40",75.52,42.12,20.21,134.11,"9,674.46","1,439.53",24.94
20220630,20230331,"16,531","266,186.97","1,222.04","8,746.69","1,955.15",95.03,58.66,42.12,102.75,"10,137.37","1,451.14",23.16
20220630,20230430,"16,455","256,049.60",910.25,"7,551.45","32,590.79",28.49,20.53,58.66,62.33,"8,675.12","1,203.67",26.63
20220630,20230531,"16,395","247,374.48","1,397.96","9,530.76","1,769.87",58.14,12.68,20.53,73.27,"11,162.43","1,485.10",26.46
20220630,20230630,"16,306","236,212.05","1,090.01","8,597.48","3,292.75",57.80,14.76,0.00,51.69,"9,860.47","1,259.28",25.90
20220630,20230731,"16,209","226,351.58","1,427.97","8,538.70","3,455.28",11.41,60.85,0.00,20.53,"10,138.24","1,215.20",33.65
20220630,20230831,"16,119","216,213.33","1,032.20","8,659.63","1,431.62",94.91,13.71,0.00,0.00,"9,817.21","1,175.17",61.75
20220630,20230930,"16,041","206,396.12","1,302.70","7,543.82","26,616.72",68.13,72.40,0.00,0.00,"8,953.14",976.45,46.07
20220630,20231031,"15,983","197,442.98",871.95,"9,414.54","2,340.54",47.01,39.36,45.03,0.00,"10,538.98","1,191.02",41.00
20220630,20231130,"15,910","186,904.01",908.18,"8,501.14","3,342.28",79.56,45.02,26.71,45.03,"9,536.21","1,005.19",64.72
20220630,20231231,"15,842","177,367.80",871.61,"8,031.07","13,579.34",69.27,31.31,32.90,71.74,"9,057.01",906.17,52.51
20220630,20240131,"15,760","168,310.79",750.76,"9,000.42","1,960.49",21.67,70.72,19.72,59.61,"9,995.67",975.98,63.29
20220630,20240229,"15,706","158,315.12",411.84,"8,350.19","4,114.75",88.85,24.35,59.66,52.63,"9,006.76",852.57,39.98
20220630,20240331,"15,660","149,308.36",663.49,"8,067.51","11,396.04",146.41,79.65,0.00,79.39,"8,946.43",777.65,57.71
20220630,20240430,"15,587","140,361.93",763.70,"9,050.83","2,374.25",86.98,79.16,69.68,59.66,"9,982.83",820.51,41.51
20220630,20240531,"15,508","130,379.10",406.75,"8,532.06","1,742.11",159.70,40.89,35.42,85.73,"9,172.86",724.75,40.52
20220630,20240630,"15,447","121,206.24","5,995.74","9,596.90","16,998.25",64.92,112.25,55.57,80.48,"15,822.04",594.39,40.44
20220630,20240731,"11,632","105,384.20","5,255.01","6,867.59","1,769.88",168.20,75.25,105.84,47.12,"12,363.98",662.00,38.52
20220630,20240831,"10,555","93,020.21","2,068.71","5,517.90","2,404.40",88.26,149.35,75.25,96.64,"7,743.07",523.23,20.52
20220630,20240930,"10,309","85,277.14","1,791.27","5,434.14","1,798.37",41.39,49.25,129.60,145.75,"7,450.73",487.11,33.42
20220630,20241031,"10,081","77,826.41","1,339.05","5,335.10","1,329.60",115.07,21.82,66.64,184.01,"6,922.01",444.45,27.10
20220630,20241130,"9,870","70,904.40","1,091.90","4,909.48","6,221.83",81.75,79.94,21.82,174.87,"6,219.41",376.00,19.42
20220630,20241231,"9,697","64,684.99","1,092.65","5,553.07","1,285.43",11.63,36.44,79.94,119.25,"6,859.73",399.14,9.22
20220630,20250131,"9,494","57,825.26",692.94,"4,234.05","11,495.91",108.10,18.17,16.52,165.72,"5,064.10",273.02,0.70
20220630,20250228,"9,358","52,761.15","1,081.70","5,744.74","2,679.98",96.29,15.77,15.28,93.98,"7,164.44",353.02,1.01
20220630,20250331,"9,146","45,596.72",871.96,"5,022.50","1,613.28",144.09,57.27,7.78,59.12,"6,109.41",273.51,0.83
20220630,20250430,"8,923","39,487.31",734.50,"4,924.50","1,036.18",46.76,104.10,55.14,26.73,"5,837.10",236.56,2.57
20220630,20250531,"8,721","33,650.21",609.26,"4,717.06","1,386.48",39.76,28.12,80.39,57.88,"5,520.84",200.74,0.86
20220630,20250630,"8,486","28,129.37",456.84,"5,885.35","1,658.73",104.95,60.42,2.34,136.85,"6,536.00",169.36,0.86
20220630,20250731,"2,253","21,593.37",365.32,"1,100.79",740.72,29.96,64.53,18.25,94.57,"1,639.04",140.14,1.29
20220630,20250831,"2,020","19,954.34",402.99,821.41,"2,004.99",70.94,28.60,64.44,50.67,"1,337.48",116.41,0.66
20220630,20250930,"1,970","18,616.86",305.67,927.62,705.51,100.48,10.31,20.94,83.73,"1,321.79",125.83,0.46
20220630,20251031,"1,928","17,295.07",300.46,841.43,726.98,93.43,51.09,10.31,86.40,"1,221.03",109.29,0.41
20220630,20251130,"1,889","16,074.05",191.63,735.55,"2,679.71",57.63,71.68,26.16,31.12,"1,024.40",90.35,1.67
20220630,20251231,"1,855","15,049.65",245.44,938.08,549.38,116.79,13.15,75.84,10.31,"1,263.11",107.89,1.80
20220930,20220930,0,0.00,180.98,20.24,0.00,0.00,0.00,0.00,0.00,201.22,5.50,0.00
20220930,20221031,"15,424","295,597.94",321.87,"7,253.21","3,580.83",0.00,0.00,0.00,0.00,"7,697.33","1,378.22",0.53
20220930,20221130,"15,402","287,900.61",511.99,"7,410.85","2,766.71",0.00,0.00,0.00,0.00,"8,023.72","1,366.26",0.41
20220930,20221231,"15,375","279,876.89",362.07,"7,429.28","3,469.17",62.86,0.00,0.00,0.00,"7,855.69","1,324.82",0.25
20220930,20230131,"15,358","272,021.19",323.86,"7,442.67","1,502.53",136.20,49.30,0.00,0.00,"7,906.46","1,299.34",0.38
20220930,20230228,"15,337","264,114.73",556.89,"7,373.53","6,407.43",0.00,107.16,49.30,0.00,"7,982.32","1,231.61",0.63
20220930,20230331,"15,303","256,132.41",737.79,"7,637.39","1,299.53",44.62,0.00,107.16,49.30,"8,447.40","1,245.40",5.99
20220930,20230430,"15,257","247,685.01",422.26,"6,676.46","29,365.37",15.99,15.71,0.00,156.46,"7,170.65","1,045.36",16.54
20220930,20230531,"15,226","240,514.36",809.25,"8,300.99","1,241.57",62.35,15.99,15.71,107.16,"9,309.03","1,281.57",16.69
20220930,20230630,"15,178","231,205.33",647.10,"7,502.31","2,619.76",0.00,62.35,15.99,15.71,"8,338.15","1,098.49",12.02
20220930,20230731,"15,136","222,867.18",608.24,"7,526.38","3,354.70",0.00,0.00,44.37,31.70,"8,208.54","1,065.16",16.93
20220930,20230831,"15,096","214,658.65",624.33,"7,619.72","1,547.03",22.43,0.00,0.00,60.35,"8,348.28","1,039.91",20.73
20220930,20230930,"15,050","206,310.37",780.82,"6,765.48","24,706.08",7.37,22.43,0.00,44.37,"7,646.75",879.19,27.18
20220930,20231031,"14,984","198,663.62",820.58,"8,291.98","2,561.59",19.95,31.43,22.43,0.00,"9,347.42","1,060.03",23.63
20220930,20231130,"14,917","189,316.20",733.67,"7,537.87","2,989.96",56.86,10.07,0.00,22.43,"8,370.26",912.11,34.31
20220930,20231231,"14,858","180,945.94",986.46,"7,190.89","12,044.05",51.12,32.08,10.07,0.00,"8,273.96",830.21,31.26
20220930,20240131,"14,806","172,671.98",699.76,"7,941.42","1,820.10",163.78,29.78,32.08,10.07,"8,776.46",885.87,29.70
20220930,20240229,"14,749","163,895.52",385.64,"7,422.99","4,043.88",80.97,119.38,29.78,42.15,"7,966.24",786.29,16.43
20220930,20240331,"14,714","155,929.28",655.34,"7,254.45","10,186.33",109.41,39.90,131.61,61.86,"8,031.67",728.29,31.78
20220930,20240430,"14,659","147,897.61",684.90,"7,950.76","2,128.03",53.15,64.09,39.90,161.38,"8,790.23",764.74,40.50
20220930,20240531,"14,594","139,107.38",557.85,"7,609.96","1,256.73",117.66,53.15,48.27,195.57,"8,286.52",687.37,28.53
20220930,20240630,"14,542","130,820.86",470.33,"6,690.74","16,433.38",78.47,96.95,53.15,202.31,"7,318.91",568.32,45.51
20220930,20240731,"14,491","123,501.94",573.54,"8,424.32","1,498.28",55.02,60.62,74.35,117.24,"9,269.78",684.43,33.06
20220930,20240831,"14,432","114,232.16",439.78,"7,477.01","2,939.06",155.54,36.63,50.42,127.50,"8,096.03",562.49,19.65
20220930,20240930,"14,374","106,136.14","6,812.97","8,013.91","2,103.45",42.82,118.05,30.08,124.77,"15,044.66",546.37,30.31
20220930,20241031,"10,270","91,091.47","3,707.58","4,961.78","1,432.44",147.52,36.97,100.06,106.91,"8,895.03",462.70,27.04
20220930,20241130,"9,756","82,196.44","1,699.26","4,567.07","5,936.21",42.97,141.13,21.49,142.89,"6,442.98",394.74,25.82
20220930,20241231,"9,529","75,753.46","1,377.93","5,035.23","1,515.61",63.00,40.28,131.27,106.82,"6,565.99",408.57,22.07
20220930,20250131,"9,333","69,187.47","1,127.46","3,977.27","12,475.91",68.40,46.33,28.10,124.15,"5,280.96",297.84,25.84
20220930,20250228,"9,187","63,906.51","1,203.87","5,221.11","3,137.74",59.51,60.86,14.58,119.81,"6,624.83",374.57,17.02
20220930,20250331,"9,004","57,281.67","1,365.39","4,628.12","1,634.63",77.38,75.91,23.70,34.52,"6,188.33",309.79,11.67
20220930,20250430,"8,781","51,093.34",715.71,"4,515.76","1,376.89",41.22,67.43,68.18,34.21,"5,357.13",269.34,0.54
20220930,20250531,"8,637","45,736.22",572.14,"4,407.41","1,427.27",75.71,46.69,63.60,75.36,"5,114.38",239.40,0.52
20220930,20250630,"8,508","40,621.84",607.80,"4,345.95","1,751.48",43.66,19.09,34.20,100.69,"5,085.54",214.32,1.53
20220930,20250731,"8,352","35,536.30",539.08,"4,433.40",733.31,28.38,12.74,30.85,35.71,"5,128.61",197.13,0.86
20220930,20250831,"8,168","30,407.68",727.83,"4,030.88","2,477.14",35.83,26.15,12.50,28.98,"4,861.80",155.60,0.47
20220930,20250930,"7,922","25,545.88",485.47,"5,266.48",869.94,74.15,34.23,1.18,27.93,"5,885.56",150.22,0.60
20220930,20251031,"1,976","19,660.32",329.73,877.73,535.35,122.88,56.66,31.39,12.43,"1,351.96",114.57,1.35
20220930,20251130,"1,844","18,308.36",304.62,744.26,"2,565.66",20.58,103.28,43.59,43.81,"1,082.21",94.70,0.84
20220930,20251231,"1,808","17,226.15",169.56,929.73,470.57,42.78,20.31,71.46,45.68,"1,149.62",112.28,0.42
20221231,20221231,0,0.00,40.56,7.88,0.00,0.00,0.00,0.00,0.00,48.44,1.22,0.10
20221231,20230131,"12,198","233,290.67",293.49,"5,947.17","1,709.19",0.00,0.00,0.00,0.00,"6,372.54","1,009.61",0.36
20221231,20230228,"12,182","226,918.13",570.80,"5,996.62","5,127.64",0.00,0.00,0.00,0.00,"6,623.46",975.18,0.22
20221231,20230331,"12,148","220,294.67",640.19,"6,181.20","1,794.92",43.89,0.00,0.00,0.00,"6,872.61",984.04,0.24
20221231,20230430,"12,110","213,422.06",278.18,"5,468.89","24,893.49",0.00,43.89,0.00,0.00,"5,807.36",829.90,0.26
20221231,20230531,"12,093","207,614.70",512.50,"6,650.86","1,504.01",45.97,0.00,43.89,0.00,"7,299.87","1,028.67",0.30
20221231,20230630,"12,062","200,314.83",320.35,"6,076.94","2,793.61",36.26,45.97,0.00,43.89,"6,464.44",884.21,0.24
20221231,20230731,"12,040","193,850.39",364.36,"6,103.52","3,430.57",18.58,36.26,45.97,43.89,"6,534.90",860.36,10.91
20221231,20230831,"12,015","187,315.49",549.02,"6,172.10","1,742.30",16.02,18.58,36.26,18.20,"6,839.79",848.18,21.82
20221231,20230930,"11,979","180,475.70",710.78,"5,502.61","21,561.76",98.19,0.00,18.58,54.46,"6,282.92",713.40,18.28
20221231,20231031,"11,938","174,192.77",506.94,"6,648.80","2,051.91",70.15,45.40,0.00,54.84,"7,344.65",879.38,10.40
20221231,20231130,"11,897","166,848.12",507.77,"6,091.93","3,210.65",26.13,70.15,45.40,18.58,"6,716.94",751.29,19.11
20221231,20231231,"11,855","160,131.18",590.07,"5,850.61","12,284.78",18.17,26.13,70.15,45.40,"6,546.42",684.65,13.59
20221231,20240131,"11,794","153,584.76",537.25,"6,429.01","1,916.48",61.86,18.17,0.00,115.56,"7,106.46",755.09,21.46
20221231,20240229,"11,752","146,478.29",301.43,"6,019.87","3,462.15",74.21,30.41,18.17,70.15,"6,511.82",667.71,17.52
20221231,20240331,"11,722","139,966.47",689.51,"5,790.73","11,142.21",111.73,103.44,0.00,47.97,"6,608.37",609.73,29.84
20221231,20240430,"11,669","133,358.10",507.51,"6,443.88","2,366.55",113.37,100.03,93.05,18.02,"7,104.11",666.03,26.88
20221231,20240531,"11,626","126,253.99",622.32,"6,110.37","1,709.23",72.76,78.14,128.96,47.11,"6,866.45",598.09,19.31
20221231,20240630,"11,570","119,387.55",492.06,"5,446.49","15,154.95",91.47,59.90,78.14,157.71,"6,060.87",498.65,26.07
20221231,20240731,"11,529","113,326.67",480.67,"6,698.72","1,601.51",19.08,83.05,21.69,211.70,"7,367.40",610.01,24.50
20221231,20240831,"11,481","105,959.28",473.81,"5,961.01","4,555.16",26.40,7.46,36.03,149.63,"6,606.23",500.15,17.79
20221231,20240930,"11,437","99,353.05",401.32,"6,182.08","2,198.08",49.95,19.04,3.66,107.52,"6,809.76",500.24,28.29
20221231,20241031,"11,394","92,543.29",390.22,"6,053.84","1,604.24",133.01,49.95,19.04,39.69,"6,674.10",464.18,21.28
20221231,20241130,"11,340","85,869.18",459.78,"5,741.20","7,460.15",45.73,102.60,9.65,22.70,"6,355.19",404.89,23.23
20221231,20241231,"11,294","79,513.99","3,927.36","7,429.87","1,760.00",55.44,18.17,102.60,27.89,"11,509.27",441.24,26.24
20221231,20250131,"7,091","68,004.72","2,579.73","2,688.94","12,018.57",250.85,37.38,9.92,107.96,"5,381.61",299.21,18.50
20221231,20250228,"6,757","62,623.11","1,665.97","3,482.17","3,017.14",42.69,142.50,37.38,117.88,"5,300.38",380.04,19.68
20221231,20250331,"6,550","57,322.73","1,405.05","3,055.57","2,121.35",104.43,15.08,121.49,46.98,"4,631.10",310.79,18.68
20221231,20250430,"6,387","52,691.63",839.84,"3,013.42","1,952.53",66.02,70.85,9.84,160.37,"3,939.48",281.60,15.79
20221231,20250531,"6,265","48,752.15",959.07,"2,865.43","2,498.27",190.24,52.85,62.82,132.83,"3,953.56",258.16,19.20
20221231,20250630,"6,143","44,798.59",659.08,"2,935.33","2,147.69",95.42,149.90,51.68,69.57,"3,801.64",241.42,6.00
20221231,20250731,"6,033","40,996.95",621.29,"2,912.81",991.88,97.50,41.75,149.55,108.61,"3,623.50",226.36,0.85
20221231,20250831,"5,945","37,373.45",523.82,"2,633.02","3,846.06",37.48,60.44,28.99,204.44,"3,284.92",185.75,0.50
20221231,20250930,"5,853","34,088.52",504.47,"2,985.61","1,055.20",82.31,48.19,22.23,172.05,"3,627.94",200.68,0.71
20221231,20251031,"5,739","30,460.59",365.39,"2,746.71",996.07,84.47,75.73,20.33,46.02,"3,365.08",167.47,0.55
20221231,20251130,"5,641","27,095.50",457.04,"2,388.24","4,369.67",82.56,35.22,50.68,51.09,"2,940.09",132.53,2.38
20221231,20251231,"5,480","24,155.41",533.84,"3,612.40",906.94,147.15,35.27,13.80,79.55,"4,296.36",153.04,0.76
20230331,20230331,0,0.00,760.22,10.74,0.00,0.00,0.00,0.00,0.00,770.96,4.42,0.17
20230331,20230430,"11,173","191,106.82","1,080.56","3,966.80","27,155.65",0.00,0.00,0.00,0.00,"5,086.86",722.18,0.26
20230331,20230531,"11,092","186,019.96",539.57,"5,252.28","1,102.17",0.00,0.00,0.00,0.00,"5,860.24",932.76,0.17
20230331,20230630,"11,053","180,159.72",453.08,"4,631.85","1,732.42",25.65,0.00,0.00,0.00,"5,125.81",794.29,0.13
20230331,20230731,"11,021","175,033.91",777.81,"4,650.12","1,961.48",0.00,25.65,0.00,0.00,"5,459.77",771.64,0.12
20230331,20230831,"10,972","169,574.14",609.77,"4,693.82",726.27,0.00,0.00,25.65,0.00,"5,335.87",757.85,0.89
20230331,20230930,"10,932","164,238.27",753.53,"4,014.17","23,569.94",0.00,0.00,0.00,25.65,"4,802.50",626.37,21.73
20230331,20231031,"10,882","159,435.77",544.11,"5,242.97","1,341.34",93.35,0.00,0.00,25.65,"5,873.47",801.49,28.27
20230331,20231130,"10,842","153,562.30",612.24,"4,643.67","2,028.38",16.46,82.20,0.00,0.00,"5,319.54",679.30,14.75
20230331,20231231,"10,798","148,242.77",635.27,"4,265.50","13,819.50",0.00,16.46,82.20,0.00,"4,948.76",605.29,16.58
20230331,20240131,"10,757","143,294.01",578.51,"5,029.71","1,611.35",0.00,39.43,16.46,39.17,"5,676.58",691.31,19.35
20230331,20240229,"10,716","137,617.43",455.26,"4,591.38","2,640.84",31.64,0.00,39.43,55.63,"5,123.75",608.89,14.85
20230331,20240331,"10,677","132,493.69","1,077.22","4,320.26","12,716.14",0.00,18.27,0.00,55.90,"5,496.18",546.24,17.99
20230331,20240430,"10,578","126,997.50",759.41,"5,031.71","1,727.53",38.97,0.00,18.27,39.43,"5,849.36",614.46,16.44
20230331,20240531,"10,509","121,148.15",564.87,"4,624.63","1,058.59",28.36,13.91,25.06,18.27,"5,296.12",546.13,16.56
20230331,20240630,"10,459","115,852.03",520.61,"3,966.62","17,018.17",0.00,28.36,13.91,43.32,"4,543.94",447.81,15.50
20230331,20240731,"10,420","111,308.10",544.46,"5,248.13","1,216.59",37.42,59.15,0.00,57.23,"5,861.56",569.51,17.36
20230331,20240831,"10,375","105,446.53",621.26,"4,421.40","5,607.77",26.29,37.42,59.15,38.97,"5,121.01",456.33,16.68
20230331,20240930,"10,323","100,325.52",486.68,"4,762.59","1,833.33",46.46,0.00,37.42,59.15,"5,362.78",469.47,30.27
20230331,20241031,"10,272","94,962.74",500.10,"4,608.95","1,309.73",108.57,34.97,0.00,80.65,"5,207.13",433.25,18.75
20230331,20241130,"10,214","89,755.61",508.42,"4,186.54","8,918.87",59.66,97.27,34.97,80.65,"4,762.29",373.46,18.43
20230331,20241231,"10,166","84,993.32",513.29,"4,975.03","1,211.58",0.00,21.47,124.44,56.46,"5,608.92",421.93,18.41
20230331,20250131,"10,100","79,384.40",339.11,"3,720.69","15,615.98",10.56,0.00,21.47,159.16,"4,129.89",298.36,12.38
20230331,20250228,"10,057","75,254.51",672.75,"5,282.60","2,528.28",43.83,10.56,0.00,133.90,"6,130.76",403.19,17.91
20230331,20250331,"9,976","69,123.74","1,193.08","4,859.04","1,345.13",51.09,20.05,10.56,66.28,"6,198.37",328.33,15.12
20230331,20250430,"7,698","62,925.38",848.69,"3,283.85","1,170.26",0.00,42.24,20.05,10.56,"4,265.37",294.33,16.92
20230331,20250531,"7,566","58,660.01",569.62,"3,075.58","3,552.79",64.75,0.00,27.89,30.61,"3,727.24",263.45,12.16
20230331,20250630,"7,500","54,932.77",615.62,"3,328.06","1,534.43",45.35,48.52,0.00,37.73,"4,025.59",265.90,14.69
20230331,20250731,"7,431","50,907.18",309.34,"3,254.31",727.34,29.94,26.01,36.68,18.01,"3,641.14",243.83,10.00
20230331,20250831,"7,386","47,266.05",304.56,"2,898.32","4,947.45",21.37,39.74,0.00,54.69,"3,257.26",203.91,21.33
20230331,20250930,"7,340","44,008.79",467.70,"3,468.44","1,019.78",22.36,11.38,39.65,28.48,"4,021.53",226.41,20.81
20230331,20251031,"7,273","39,987.26",267.70,"3,168.50",908.64,68.29,14.57,0.00,18.06,"3,562.43",191.71,16.91
20230331,20251130,"7,227","36,424.83",353.95,"2,706.67","5,518.10",109.92,24.38,14.57,18.06,"3,120.92",151.78,13.53
20230331,20251231,"7,177","33,303.91",438.42,"3,612.40",815.92,45.82,2.90,24.38,14.57,"4,131.71",182.63,14.23
20230630,20230630,0,0.00,"2,609.42",0.96,0.00,0.00,0.00,0.00,0.00,"2,610.38",2.63,0.17
20230630,20230731,"11,530","207,099.48","2,836.55","4,357.41","2,103.01",0.00,0.00,0.00,0.00,"7,217.99",873.17,0.20
20230630,20230831,"11,349","199,881.49","1,385.75","4,443.48",446.55,0.00,0.00,0.00,0.00,"5,853.71",856.73,0.09
20230630,20230930,"11,267","194,027.78",980.27,"3,941.21","20,343.96",0.00,0.00,0.00,0.00,"4,939.26",741.28,2.38
20230630,20231031,"11,210","189,088.52",519.36,"4,789.54",873.78,33.54,0.00,0.00,0.00,"5,384.12",888.14,0.88
20230630,20231130,"11,178","183,704.39",562.53,"4,364.56","1,572.06",31.52,33.54,0.00,0.00,"4,956.15",780.22,0.83
20230630,20231231,"11,141","178,748.24",629.34,"4,197.38","9,706.75",28.72,31.52,17.11,0.00,"4,863.18",726.83,89.14
20230630,20240131,"11,102","173,885.06",565.43,"4,600.63",810.86,34.61,0.00,60.25,17.11,"5,231.24",781.22,78.49
20230630,20240229,"11,064","168,653.82",396.20,"4,313.01","2,484.16",19.35,34.61,28.72,48.63,"4,775.78",714.13,28.86
20230630,20240331,"11,035","163,878.04",747.18,"4,216.89","9,065.14",84.75,0.00,34.61,41.82,"5,029.33",670.61,18.58
20230630,20240430,"10,981","158,848.71",522.74,"4,619.84","1,291.05",16.59,65.90,0.00,63.33,"5,208.12",714.13,14.95
20230630,20240531,"10,942","153,640.59",696.04,"4,401.36",756.20,95.78,16.59,56.32,34.61,"5,185.13",659.93,15.34
20230630,20240630,"10,891","148,455.46",946.00,"3,989.39","16,020.05",33.64,60.31,16.59,56.32,"5,017.86",569.53,17.43
20230630,20240731,"10,801","143,437.59",827.10,"4,771.75",967.87,56.41,26.27,60.31,72.92,"5,659.56",679.45,17.36
20230630,20240831,"10,738","137,778.03",569.39,"4,319.44","1,842.52",17.11,31.80,26.27,76.90,"4,991.00",587.50,12.51
20230630,20240930,"10,689","132,787.04",520.37,"4,344.62","1,299.04",94.05,0.00,21.20,86.58,"4,941.51",573.36,19.17
20230630,20241031,"10,644","127,845.52",476.68,"4,310.08","1,059.07",34.50,94.05,0.00,47.47,"4,935.12",551.76,13.01
20230630,20241130,"10,596","122,910.40",461.30,"4,111.26","7,401.19",66.97,22.55,94.05,0.00,"4,659.39",502.53,18.44
20230630,20241231,"10,552","118,251.01",330.85,"4,539.47","1,049.02",53.47,75.67,13.18,94.05,"4,936.27",538.81,27.38
20230630,20250131,"10,522","113,314.74",490.12,"3,687.62","18,298.81",88.17,37.86,75.67,107.23,"4,217.28",415.24,22.26
20230630,20250228,"10,482","109,097.46",374.30,"4,872.16","2,766.35",63.85,75.89,37.86,79.89,"5,459.88",537.48,14.41
20230630,20250331,"10,441","103,637.58",464.78,"4,358.82","1,891.21",38.65,54.63,36.73,84.24,"4,890.40",456.86,14.94
20230630,20250430,"10,399","98,747.18",362.57,"4,363.54","1,163.28",120.53,54.14,34.76,57.88,"4,863.76",434.63,13.89
20230630,20250531,"10,358","93,883.41",328.36,"4,290.98","1,743.85",38.40,103.09,24.20,71.49,"4,723.90",408.39,13.33
20230630,20250630,"10,314","89,159.52","5,452.40","6,264.52","2,294.69",52.62,35.52,84.10,58.96,"11,855.25",395.32,8.81
20230630,20250731,"8,873","77,304.26","4,591.50","3,667.53",804.99,71.62,67.70,16.80,108.30,"8,378.37",346.51,14.66
20230630,20250831,"8,295","68,925.90","1,495.38","3,249.08","4,530.61",39.33,56.42,49.51,100.90,"4,823.23",293.34,14.68
20230630,20250930,"8,105","64,102.66","1,374.52","3,542.59","1,150.64",59.67,24.41,53.56,32.14,"5,079.35",308.11,11.05
20230630,20251031,"7,920","59,023.32",744.75,"3,291.54",960.67,63.53,45.19,21.87,68.90,"4,153.59",270.69,9.13
20230630,20251130,"7,817","54,869.72",825.93,"2,944.66","6,616.25",92.31,51.28,21.92,75.43,"3,849.25",225.83,7.91
20230630,20251231,"7,705","51,020.48",795.85,"3,594.65",866.91,141.50,78.13,44.33,43.79,"4,515.32",261.83,4.17
20230930,20230930,0,0.00,"3,269.27",72.01,0.00,0.00,0.00,0.00,0.00,"3,341.28",5.82,0.30
20230930,20231031,"8,925","176,633.45","3,085.48","3,402.62",500.55,0.00,0.00,0.00,0.00,"6,523.05",803.20,0.60
20230930,20231130,"8,754","170,110.39","1,257.14","3,421.22",804.12,14.60,0.00,0.00,0.00,"4,709.49",774.47,2.39
20230930,20231231,"8,690","165,400.90",424.44,"3,380.53","3,805.40",56.08,14.60,0.00,0.00,"3,822.79",741.58,1.92
20230930,20240131,"8,665","161,578.12",684.09,"3,480.94",776.54,101.65,56.08,14.60,0.00,"4,207.96",751.57,0.74
20230930,20240229,"8,626","157,370.16",538.26,"3,350.29","1,596.72",75.04,0.00,56.08,14.60,"3,956.82",715.90,0.22
20230930,20240331,"8,599","153,413.34",736.87,"3,419.38","3,662.99",103.90,57.82,0.00,70.68,"4,188.64",694.05,94.92
20230930,20240430,"8,555","149,224.69","1,020.26","3,508.63",746.78,61.64,103.90,57.82,30.55,"4,589.57",697.23,90.23
20230930,20240531,"8,497","144,635.13",645.35,"3,392.91",378.83,23.64,13.91,103.90,57.82,"4,114.75",666.68,30.72
20230930,20240630,"8,457","140,520.38",497.22,"3,290.03","6,291.34",0.00,23.64,13.91,161.72,"3,830.90",618.48,11.98
20230930,20240731,"8,428","136,689.47",593.73,"3,489.11",758.43,145.55,0.00,23.64,117.81,"4,199.37",653.34,19.03
20230930,20240831,"8,392","132,490.10",677.99,"3,379.92","1,093.35",26.39,116.41,0.00,37.55,"4,206.78",610.39,13.81
20230930,20240930,"8,346","128,283.33",674.08,"3,383.69",807.10,16.15,26.39,116.41,23.64,"4,135.42",594.54,25.95
20230930,20241031,"8,288","124,147.91",676.37,"3,202.18",863.04,48.33,16.15,26.39,116.41,"3,982.83",575.40,20.91
20230930,20241130,"8,253","120,165.08",447.45,"3,159.06","3,237.86",95.67,48.33,16.15,142.80,"3,649.46",544.02,18.05
20230930,20241231,"8,216","116,515.62",608.47,"3,262.29","1,026.45",99.86,22.63,31.57,42.53,"4,045.71",550.20,14.51
20230930,20250131,"8,169","112,469.91",325.83,"2,930.23","11,495.47",88.41,28.26,22.63,31.23,"3,332.82",472.88,12.79
20230930,20250228,"8,139","109,137.09",538.25,"3,408.08","2,737.69",200.24,46.84,28.26,37.71,"4,053.92",545.90,18.13
20230930,20250331,"8,095","105,083.17",880.12,"3,237.13","1,338.83",24.36,136.41,27.85,50.89,"4,199.74",496.55,20.30
20230930,20250430,"8,038","100,883.43",477.90,"3,171.46","1,200.75",13.34,32.57,127.80,56.11,"3,740.67",470.34,14.42
20230930,20250531,"7,996","97,142.76",403.13,"3,146.43","1,497.11",94.07,24.88,6.28,140.39,"3,650.29",451.03,14.67
20230930,20250630,"7,963","93,492.47",306.86,"3,150.62","2,237.83",118.54,108.00,17.09,51.18,"3,530.64",432.68,16.37
20230930,20250731,"7,929","89,961.83",639.71,"3,179.52","1,177.23",65.23,116.01,108.00,6.28,"3,945.71",426.11,9.95
20230930,20250831,"7,895","86,016.12",285.79,"3,093.97","3,038.96",59.98,64.91,96.42,108.00,"3,449.51",394.09,22.71
20230930,20250930,"7,865","82,566.61","5,127.05","3,348.58","1,568.80",30.62,59.98,64.91,204.42,"8,559.30",400.11,20.71
20230930,20251031,"6,930","74,007.31","3,367.75","2,583.16","1,098.17",299.41,19.27,53.88,161.33,"6,168.11",343.74,13.01
20230930,20251130,"6,572","67,839.20","1,325.79","2,450.78","3,829.41",130.13,237.34,19.27,119.87,"3,928.80",305.02,14.40
20230930,20251231,"6,427","63,910.40",948.89,"2,614.42",947.61,121.14,47.52,169.26,115.64,"3,709.39",315.48,9.39
20231231,20231231,0,0.00,"1,484.72",4.55,0.00,0.00,0.00,0.00,0.00,"1,489.27",4.16,0.12
20231231,20240131,"12,532","251,249.87","6,967.24","4,195.61","1,040.04",23.00,0.00,0.00,0.00,"11,196.33","1,222.69",2.03
20231231,20240229,"12,179","240,053.54","3,281.88","4,073.64","2,598.72",107.95,0.00,0.00,0.00,"7,408.37","1,154.88",0.73
20231231,20240331,"12,009","232,645.16","4,149.68","3,952.67","9,502.79",150.28,67.00,23.00,0.00,"8,129.30","1,088.69",2.12
20231231,20240430,"11,816","224,515.86","2,972.07","4,111.71","1,596.22",81.11,136.48,67.00,0.00,"7,124.74","1,119.09",3.62
20231231,20240531,"11,683","217,391.12","2,349.22","3,916.17","1,276.35",134.58,66.53,109.86,67.00,"6,308.74","1,047.26",0.21
20231231,20240630,"11,591","211,082.37","1,914.70","3,547.39","20,322.70",107.81,134.58,66.53,176.86,"5,510.45",917.79,43.60
20231231,20240731,"11,504","205,571.93","1,656.41","4,130.20","1,446.86",115.60,47.17,120.21,176.39,"5,911.86","1,073.24",218.07
20231231,20240831,"11,430","199,660.07",828.01,"3,758.45","4,500.08",85.83,101.66,18.87,173.33,"4,740.34",939.79,94.32
20231231,20240930,"11,378","194,919.73",651.41,"3,841.58","1,712.73",118.15,65.84,101.66,125.67,"4,618.87",944.72,119.02
20231231,20241031,"11,337","190,300.86",781.88,"3,773.35","1,475.85",52.81,118.15,65.84,120.53,"4,749.61",909.66,56.09
20231231,20241130,"11,283","185,551.24","1,211.84","3,645.55","8,798.98",62.81,40.49,118.15,167.50,"4,938.85",849.17,49.68
20231231,20241231,"11,207","180,612.39","1,245.67","6,348.92","1,883.82",164.15,24.82,14.05,183.99,"7,796.32",896.01,52.25
20231231,20250131,"11,112","172,816.08",631.49,"3,220.92","25,979.66",75.98,129.68,24.82,132.20,"4,005.95",713.53,29.93
20231231,20250228,"11,062","168,810.13",778.55,"4,102.81","5,719.51",147.70,63.19,117.78,38.88,"5,122.58",908.90,21.73
20231231,20250331,"11,001","163,687.55",886.95,"3,768.59","2,908.25",38.95,90.46,63.19,142.61,"4,760.18",805.23,18.95
20231231,20250430,"10,937","158,927.37",979.11,"3,709.78","2,142.98",116.38,38.95,73.93,165.57,"4,813.37",771.29,22.53
20231231,20250531,"10,887","154,114.00",657.82,"3,638.18","4,102.56",93.32,77.26,38.95,137.99,"4,481.30",733.31,37.29
20231231,20250630,"10,837","149,632.70",467.25,"3,698.04","3,834.96",121.57,93.32,77.26,112.88,"4,300.10",721.54,33.23
20231231,20250731,"10,805","145,332.60",623.16,"3,726.70","1,808.97",27.55,86.77,70.66,116.21,"4,521.05",710.62,19.30
20231231,20250831,"10,761","140,811.55",388.90,"3,559.66","7,440.60",145.00,27.55,86.77,147.92,"4,054.62",651.48,25.31
20231231,20250930,"10,724","136,756.93",528.55,"3,812.02","2,300.84",158.33,106.76,27.55,157.43,"4,507.71",685.20,23.27
20231231,20251031,"10,675","132,249.22",255.51,"3,665.38","1,809.04",136.51,148.71,92.36,114.32,"4,108.03",640.82,26.22
20231231,20251130,"10,644","128,141.19",332.75,"3,391.32","13,480.34",133.92,136.51,111.32,119.91,"3,894.86",560.19,21.09
20231231,20251231,"10,610","124,246.32","8,111.17","11,965.80","2,080.80",120.24,50.45,116.36,183.42,"20,354.64",669.85,14.36
20240331,20240331,0,0.00,"1,121.69",0.79,0.00,0.00,0.00,0.00,0.00,"1,150.82",2.47,0.00
20240331,20240430,"8,857","176,205.15","5,875.84","2,892.49",844.19,0.00,0.00,0.00,0.00,"8,792.36",818.78,0.72
20240331,20240531,"8,544","167,412.79","3,846.06","2,790.70",713.39,49.91,0.00,0.00,0.00,"6,654.65",763.75,0.40
20240331,20240630,"8,329","160,758.14","3,542.97","2,434.36","19,140.11",37.10,49.91,0.00,0.00,"6,005.99",654.43,1.16
20240331,20240731,"8,139","154,752.15","2,162.81","3,064.18","1,035.19",0.00,37.10,21.91,0.00,"5,256.71",784.60,0.51
20240331,20240831,"8,017","149,495.44","1,221.73","2,615.22","6,526.44",132.82,0.00,37.10,21.91,"3,855.82",655.65,2.91
20240331,20240930,"7,952","145,639.62","1,789.97","2,804.69","1,355.17",36.20,113.66,0.00,59.01,"4,622.38",692.47,48.08
20240331,20241031,"7,842","141,017.24","1,383.53","2,642.55","1,108.82",0.00,13.78,113.66,37.10,"4,096.99",639.86,154.87
20240331,20241130,"7,764","136,920.25",611.73,"2,498.97","10,389.97",22.42,0.00,13.78,113.66,"3,167.56",579.34,116.76
20240331,20241231,"7,724","133,752.68",707.09,"2,838.32","1,869.40",42.60,0.00,0.00,127.44,"3,585.20",646.64,124.18
20240331,20250131,"7,679","130,167.49",617.92,"2,250.72","22,100.77",137.01,21.23,0.00,13.78,"3,016.87",502.58,42.00
20240331,20250228,"7,636","127,150.62",738.65,"2,992.35","3,958.23",140.05,82.30,21.23,0.00,"3,802.73",654.23,29.03
20240331,20250331,"7,586","123,347.89","1,229.40","5,985.90","2,262.00",46.29,62.05,66.57,21.23,"7,300.48",569.40,54.13
20240331,20250430,"7,495","116,047.41",909.88,"2,633.36","1,560.93",37.54,31.38,36.35,87.80,"3,603.28",543.28,41.44
20240331,20250531,"7,437","112,444.13",510.64,"2,472.52","5,626.53",166.84,22.61,25.46,102.92,"3,042.54",500.21,18.44
20240331,20250630,"7,405","109,401.59",413.80,"2,643.76","2,803.23",70.44,102.23,22.61,81.54,"3,126.71",520.22,18.35
20240331,20250731,"7,374","106,274.88",459.94,"2,612.62","1,153.04",67.63,33.82,83.70,48.07,"3,175.19",502.59,17.80
20240331,20250831,"7,344","103,099.69",624.84,"2,416.43","7,742.86",43.01,51.68,17.73,105.95,"3,105.56",449.76,23.97
20240331,20250930,"7,301","99,994.13",306.27,"2,750.40","1,495.92",79.64,15.63,19.60,100.87,"3,118.01",495.98,33.22
20240331,20251031,"7,275","96,876.12",329.43,"2,524.52","1,476.91",91.27,79.64,15.63,53.00,"2,996.87",450.32,26.27
20240331,20251130,"7,246","93,879.25",261.19,"2,279.37","11,690.41",170.96,60.05,79.41,52.96,"2,604.53",390.40,16.83
20240331,20251231,"7,225","91,274.72",363.64,"2,868.94","1,334.68",43.49,132.43,45.16,102.69,"3,316.97",474.60,9.08
20240630,20240630,0,0.00,160.44,0.00,0.00,0.00,0.00,0.00,0.00,160.44,0.25,0.01
20240630,20240731,"8,663","176,912.18","2,486.35","3,022.49",450.41,0.00,0.00,0.00,0.00,"5,526.56",789.02,0.79
20240630,20240831,"8,534","171,385.62","2,381.72","2,969.87","1,393.00",12.00,0.00,0.00,0.00,"5,367.46",756.56,0.14
20240630,20240930,"8,411","166,018.16","4,290.51","2,961.97","1,087.27",69.03,12.00,0.00,0.00,"7,278.37",739.67,0.14
20240630,20241031,"8,170","158,739.79","2,705.45","2,873.09",610.34,118.12,24.63,12.00,0.00,"5,620.59",700.96,0.20
20240630,20241130,"8,016","153,119.20","1,363.66","2,749.91","7,617.91",65.01,118.12,24.63,12.00,"4,133.54",645.68,0.14
20240630,20241231,"7,943","148,985.66","5,179.53","2,973.84","1,022.16",0.00,21.98,106.46,36.63,"8,188.53",688.54,4.47
20240630,20250131,"7,645","140,797.14","3,065.00","2,341.03","23,041.18",115.10,0.00,21.98,131.09,"5,446.37",516.54,84.45
20240630,20250228,"7,470","135,350.77","1,662.99","3,071.33","3,292.16",141.54,115.10,0.00,128.44,"4,814.64",670.99,54.82
20240630,20250331,"7,377","130,536.12","1,027.91","2,774.62","1,499.00",84.70,25.98,115.10,21.98,"3,950.18",577.83,125.70
20240630,20250430,"7,309","126,585.94",680.11,"2,732.93","1,201.86",18.43,48.81,25.98,115.10,"3,477.19",556.55,80.30
20240630,20250531,"7,261","123,108.75",647.07,"2,676.45","1,925.06",203.81,38.92,27.87,141.08,"3,366.68",534.30,38.79
20240630,20250630,"7,220","119,742.07",906.45,"2,944.50","2,852.29",87.69,174.15,38.77,71.44,"3,978.75",518.96,152.91
20240630,20250731,"7,133","115,763.32",763.94,"2,522.00",751.15,130.63,87.69,174.15,38.77,"3,383.44",516.90,90.32
20240630,20250831,"7,083","112,379.88",836.09,"2,353.33","6,327.71",77.14,112.53,81.54,212.93,"3,222.70",469.79,53.71
20240630,20250930,"7,032","109,157.19",716.99,"2,576.52","1,635.86",60.72,41.45,72.28,255.69,"3,380.75",500.63,27.09
20240630,20251031,"6,983","105,776.44",474.86,"2,434.11","1,266.86",107.40,38.81,41.45,153.81,"3,154.53",465.06,17.31
20240630,20251130,"6,940","102,621.91",589.03,"2,233.71","10,313.51",153.77,96.05,38.81,93.58,"2,947.01",412.37,23.39
20240630,20251231,"6,893","99,674.90",524.65,"2,645.93","1,430.69",111.01,144.03,84.08,60.11,"3,281.20",477.37,25.47
20240930,20240930,0,0.00,73.86,5.10,0.00,0.00,0.00,0.00,0.00,78.96,0.09,0.07
20240930,20241031,"9,434","215,056.85",249.99,"5,859.77",576.29,0.00,0.00,0.00,0.00,"6,162.27",58.11,0.25
20240930,20241130,"9,421","208,894.58",227.97,"5,430.47","17,671.51",0.00,0.00,0.00,0.00,"5,683.71",53.67,0.11
20240930,20241231,"9,408","203,210.87",196.14,"6,376.72",637.62,15.70,0.00,0.00,0.00,"6,597.92",57.06,0.11
20240930,20250131,"9,398","196,612.94",227.11,"4,785.46","37,190.49",25.52,15.61,0.00,0.00,"5,037.94",46.69,0.12
20240930,20250228,"9,385","191,575.00",171.34,"6,847.70","3,080.43",20.65,25.52,15.61,0.00,"7,100.60",57.80,0.18
20240930,20250331,"9,376","184,474.41",197.36,"5,880.53","2,421.41",0.00,20.65,25.52,15.61,"6,115.50",50.60,0.15
20240930,20250430,"9,364","178,358.91",409.86,"5,874.21","1,479.69",38.33,0.00,20.65,41.13,"6,333.23",48.35,4.10
20240930,20250531,"9,338","172,025.68",101.50,"5,779.72","2,323.25",151.01,38.33,0.00,46.17,"5,962.40",46.65,3.99
20240930,20250630,"9,331","166,063.28",273.21,"5,813.32","2,790.41",51.41,151.01,38.33,20.65,"6,150.86",44.62,4.36
20240930,20250731,"9,312","159,912.42",302.44,"5,884.53",740.16,85.82,51.41,104.90,59.55,"6,259.19",43.70,3.83
20240930,20250831,"9,292","153,653.23",265.12,"5,316.02","13,445.12",26.51,69.48,51.41,164.44,"5,628.05",40.63,3.72
20240930,20250930,"9,274","148,025.18",402.69,"6,252.61","1,777.43",21.57,26.51,28.41,177.53,"6,753.26",42.11,5.54
20240930,20251031,"9,242","141,271.92",309.68,"5,697.57","1,024.32",0.00,39.08,26.51,79.82,"6,246.10",38.48,5.84
20240930,20251130,"9,217","135,025.83",231.44,"4,796.68","21,856.28",60.04,0.00,39.08,54.92,"5,132.33",34.11,1.91
20240930,20251231,"9,196","129,893.50",381.24,"6,594.96",963.47,98.49,12.35,0.00,65.59,"7,062.36",39.72,7.70
20241231,20241231,0,0.00,32.76,2.36,0.00,0.00,0.00,0.00,0.00,35.12,0.09,0.20
20241231,20250131,"12,437","314,500.42",61.29,"7,662.05","31,844.02",0.00,0.00,0.00,0.00,"7,747.30",125.15,0.13
20241231,20250228,"12,433","306,753.12",357.40,"9,229.14","3,087.22",0.00,0.00,0.00,0.00,"9,659.89",160.88,0.12
20241231,20250331,"12,418","297,093.23",422.57,"8,530.72","1,854.15",22.02,29.60,0.00,0.00,"8,982.15",138.51,0.13
20241231,20250430,"12,397","288,111.08",818.91,"8,484.28","1,606.83",0.00,22.02,29.60,0.00,"9,346.01",135.97,13.59
20241231,20250531,"12,375","278,765.07",133.94,"8,212.04","9,201.72",20.11,0.00,22.02,0.00,"8,411.73",122.92,0.19
20241231,20250630,"12,368","270,353.35",633.49,"8,642.11","2,828.31",51.93,20.11,0.00,22.02,"9,321.43",129.87,0.57
20241231,20250731,"12,328","261,031.91",678.76,"8,461.40","1,478.04",25.42,51.93,20.11,22.02,"9,197.90",121.08,1.34
20241231,20250831,"12,293","251,834.02",500.79,"7,848.53","18,576.04",30.04,25.42,51.93,20.11,"8,417.27",102.28,9.07
20241231,20250930,"12,266","243,416.74",410.36,"8,953.33","1,840.74",70.14,30.04,25.42,44.11,"9,419.92",124.00,12.49
20241231,20251031,"12,244","233,996.82",390.89,"8,341.53","1,395.00",44.84,31.34,30.04,49.42,"8,848.31",109.58,7.94
20241231,20251130,"12,219","225,148.51",402.91,"7,704.36","19,774.15",68.67,18.62,31.34,55.46,"8,175.69",92.70,2.85
20241231,20251231,"12,193","216,972.82",316.67,"9,020.31","1,491.68",53.39,18.60,18.62,61.35,"9,440.36",114.61,21.60
20250331,20250331,0,0.00,85.30,0.43,0.00,0.00,0.00,0.00,0.00,85.72,0.28,0.05
20250331,20250430,"5,219","115,419.46",474.71,"1,862.01","1,018.21",0.00,0.00,0.00,0.00,"2,346.03",384.26,0.74
20250331,20250531,"5,197","113,073.43",775.87,"1,698.08","11,649.03",0.00,0.00,0.00,0.00,"2,485.92",343.12,0.06
20250331,20250630,"5,160","110,587.51","1,339.05","2,014.59","1,607.73",0.00,0.00,0.00,0.00,"3,367.73",404.40,0.10
20250331,20250731,"5,101","107,219.78","1,069.78","1,852.36",984.40,0.00,0.00,0.00,0.00,"2,929.61",360.71,0.68
20250331,20250831,"5,051","104,290.17",290.10,"1,621.18","14,161.03",0.00,0.00,0.00,0.00,"1,916.65",305.14,0.05
20250331,20250930,"5,037","102,373.52","2,826.18","2,057.97","1,110.53",0.00,0.00,0.00,0.00,"4,894.94",389.51,0.03
20250331,20251031,"4,896","97,478.58","2,261.38","1,748.55","1,285.04",0.00,0.00,0.00,0.00,"4,040.09",324.02,11.57
20250331,20251130,"4,782","93,438.49",625.82,"1,499.01","15,408.23",0.00,0.00,0.00,0.00,"2,138.91",264.23,22.20
20250331,20251231,"4,750","91,299.58",513.91,"2,007.62","1,039.13",18.43,0.00,0.00,0.00,"2,535.87",352.69,46.07
20250630,20250630,0,0.00,34.60,0.39,0.00,0.00,0.00,0.00,0.00,34.99,0.14,0.05
20250630,20250731,"9,139","204,508.41",709.75,"3,233.43",527.02,0.00,0.00,0.00,0.00,"3,957.30",693.52,0.11
20250630,20250831,"9,106","200,551.11","1,259.56","2,886.30","22,895.85",0.00,0.00,0.00,0.00,"4,153.93",601.89,0.07
20250630,20250930,"9,049","196,397.18","3,087.89","3,543.91","2,034.38",0.00,0.00,0.00,0.00,"6,643.58",740.07,0.11
20250630,20251031,"8,911","189,753.59","1,818.51","3,176.36",651.36,0.00,0.00,0.00,0.00,"5,025.70",648.46,0.15
20250630,20251130,"8,826","184,727.90",526.54,"2,654.23","31,662.40",17.94,0.00,0.00,0.00,"3,192.59",518.52,0.07
20250630,20251231,"8,801","181,535.30","6,922.82","3,669.25",990.59,52.37,17.94,0.00,0.00,"10,612.34",727.00,0.33
20250930,20250930,0,0.00,170.87,10.39,0.00,0.00,0.00,0.00,0.00,181.26,3.14,0.12
20250930,20251031,"19,288","475,384.11",919.56,"11,125.01","1,235.95",0.00,0.00,0.00,0.00,"12,146.01","1,630.27",0.33
20250930,20251130,"19,248","463,238.10","1,215.24","9,667.96","64,020.37",28.90,0.00,0.00,0.00,"10,921.44","1,374.63",0.23
20250930,20251231,"19,201","452,316.66","1,692.87","12,759.01","1,517.98",28.29,28.90,0.00,0.00,"14,500.41","1,770.40",0.26
20251231,20251231,0,0.00,80.69,10.63,0.00,0.00,0.00,0.00,0.00,91.32,1.57,0.07
